<?xml version="1.0" encoding="UTF-8"?>
<!DOCTYPE mapper
   PUBLIC "-//mybatis.org//DTD Mapper 3.0//EN"
   "http://mybatis.org/dtd/mybatis-3-mapper.dtd">
<mapper namespace="com.book45.mapper.ReplyMapper">
   
    <insert id="enrollReply">
       	insert into reply (replyNum, boardNum, memberId, nickname, content)
       	values (reply_seq.nextval, #{boardNum}, #{memberId}, #{nickname}, #{content})
    </insert>
   
   	<select id="getReplyList" resultType="com.book45.domain.ReplyDTO">
  	
  		<![CDATA[
		select * from(  		
			select rownum as rn, replyNum, boardNum, memberId, content, replyDate
			from reply
			where rownum <= #{pageNum} * #{amount}  and boardNum = #{boardNum}	
			order by replyDate desc  	
  			)
  		where rn > (#{pageNum} -1) * #{amount}
  		]]>	
  		
  	</select>
  	
  	<select id="getReplyTotal" resultType="int">
  	
  		select count(*)
  		from reply
  		where boardNum = #{boardNum}
  	
  	</select>
  	
  	<update id="updateReply">
  	
  		update reply set content = #{content}
  		where replyNum = #{replyNum}
  		
  	</update>
  	
  	<select id="getUpdateReply" resultType="com.book45.domain.ReplyDTO">
	
		select * from reply
		where replyNum = #{replyNum}
		
	</select>
	
	<delete id="deleteReply">
  	
  		delete from reply
  		where replyNum = #{replyNum}
  		
  	</delete>
  	
  	
    <!-- <resultMap type="com.book45.domain.ReplyDTO" id="replyRead">
       <result property="replyNum" column="replyNum"></result>
       <result property="boardNum" column="boardNum"></result>
       <result property="memberId" column="memberId"></result>
       <result property="nickname" column="nickname"></result>
       <result property="content" column="content"></result>
       <result property="replyDate" column="replyDate"></result>
    </resultMap> -->
   
</mapper>