<?xml version="1.0" encoding="UTF-8"?>
<!DOCTYPE mapper
	PUBLIC "-//mybatis.org//DTD Mapper 3.0//EN"
	"http://mybatis.org/dtd/mybatis-3-mapper.dtd">
<mapper namespace="com.book45.mapper.ReplyMapper">
	
	<insert id="insert">
		insert into reply (replyNum, boardNum, memberId, nickname, content)
		values (seq_reply.nextval, #{boardNum}, #{memberId}, #{nickname}, #{content})
	</insert>
	
	<select id="read" resultMap="replyRead">
		select * from reply where replyNum = #{replyNum}
	</select>
	<resultMap type="com.book45.domain.ReplyVO" id="replyRead">
		<result property="replyNum" column="replyNum"></result>
		<result property="boardNum" column="boardNum"></result>
		<result property="memberId" column="memberId"></result>
		<result property="nickname" column="nickname"></result>
		<result property="content" column="content"></result>
		<result property="replyDate" column="replyDate"></result>
		<result property="replyUpdate" column="replyUpdate"></result>
	</resultMap>
	
	<delete id="delete">
		delete from reply where replyNum = ${replyNum}
	</delete>
	
	<update id="update">
		update reply set content = #{content}, replyUpdate = sysdate 
		where replyNum = #{replyNum}
	</update>
	
	<select id="getListWithPaging" resultMap="replyRead">
		<![CDATA[
			select replyNum, boardNum, memberId, nickname, content, replyDate, replyUpdate
			from 
				(
				select /*+INDEX(reply idx_reply) */
				rownum rn, replyNum, boardNum, memberId, nickname, content, replyDate, replyUpdate
				from reply
				where boardNum = #{boardNum} and replyNum > 0 and rownum <= #{cri.pageNum} * #{cri.amount}
				) where rn > (#{cri.pageNum} -1) * #{cri.amount}
		]]>
	</select>
	
	<select id="getCountByNum" resultType="int">
		
			select count(replyNum) from reply where boardNum = #{boardNum}
		 
	</select>
	
</mapper>