<?xml version="1.0" encoding="UTF-8"?>
<!DOCTYPE mapper
  PUBLIC "-//mybatis.org//DTD Mapper 3.0//EN"
  "https://mybatis.org/dtd/mybatis-3-mapper.dtd">
<mapper namespace="com.book45.mapper.BookMapper">

	<select id="getList" resultType="com.book45.domain.BookVO">

		select * from book where num > 0

	</select>

	<insert id="insert">

		insert into
		book(num, isbn, category, title, price, summary, author, pub, ratingAvg, pictureUrl, stock)
		values (book45_seq.nextval, #{isbn}, #{category}, #{title},
		#{price}, #{summary}, #{author}, #{pub}, #{ratingAvg}, #{pictureUrl}, #{stock})

	</insert>

	<insert id="insertSelectKey">

		<selectKey keyProperty="num" order="BEFORE" resultType="int">
			select book45_seq.nextval from dual
		</selectKey>

		insert into
		book(num, isbn, category, title, price, summary, author, pub, pictureUrl, stock)
		values (#{num}, #{isbn}, #{category}, #{title}, #{price},
		#{summary}, #{author}, #{pub}, #{pictureUrl}, #{stock})

	</insert>
	
	<select id="read" resultType="com.book45.domain.BookVO">

		select * from book where isbn=#{isbn}

	</select>
	
	<delete id="delete">

		delete from book where isbn = #{isbn}

	</delete>
	
	<update id="update">

		
	    update book set category=#{category}, title=#{title}, price=#{price}, summary=#{summary}, author=#{author},
		pub=#{pub}, pictureUrl=#{pictureUrl}, stock=#{stock} where isbn = #{isbn} 

		<!-- mapperTest용 -->
		<!-- update book set category=#{category}, title=#{title}, author=#{author} where isbn = #{isbn} -->
		
	</update>
	
	<sql id="criteria">
		<trim prefix="(" suffix=") AND " prefixOverrides="OR">
			<foreach item='type' collection="typeArr">
				<trim prefix="OR">
					<choose>
						<when test="type == 'C'.toString()">
							category like '%'||#{keyword}||'%'
						</when>
						<when test="type == 'T'.toString()">
							title like '%' || #{keyword}||'%'
						</when>
						<when test="type == 'A'.toString()">
							author like '%'||#{keyword}||'%'
						</when>
					</choose>
				</trim>
			</foreach>
		</trim>
	</sql>
	
	<select id ="getListWithPaging" resultType="com.book45.domain.BookVO">
	
	<![CDATA[
		select num, isbn, category, title, price, summary, author, pub, ratingAvg, pictureUrl, stock
		from (
			select 
			rownum rn, num, isbn, category, title, price, summary, author, pub, ratingAvg, pictureUrl, stock
			from book 
			where 
		]]>
		
		<include refid="criteria"></include>
		
		<![CDATA[
			rownum <= #{pageNum} * #{amount}
		)
		
		where rn > (#{pageNum} -1) * #{amount} 
		]]>
	</select>
	
	<select id="getTotalCount" resultType="int">
	
		select count(*) from book where <include refid="criteria"></include> num > 0
	
	</select>
	
	<select id="getIsbnName" resultType="com.book45.domain.BookVO">
	
		select isbn, title from book where isbn = #{isbn}
		
	</select>
	
	<select id="getCategory" resultType="com.book45.domain.BookVO">
	
		select * from book where category = #{category}
		
	</select>
	
	<insert id="imageRegister">
	
		insert into bookimage values (#{isbn}, #{fileName}, #{uploadPath}, #{uuid})
		
	</insert>
	
</mapper>
  