<?xml version="1.0" encoding="UTF-8"?>
<!DOCTYPE mapper
  PUBLIC "-//mybatis.org//DTD Mapper 3.0//EN"
  "https://mybatis.org/dtd/mybatis-3-mapper.dtd">
<mapper namespace="com.book45.mapper.CartMapper">
	<!-- 장바구니에 책 추가 -->
	<insert id="addBookCart">
		insert into cart(cartNum, id, isbn, amount) values (cart_seq.nextval, #{id}, #{isbn}, #{amount})
	</insert>
	<!-- 장바구니에 앨범 추가 -->
	<insert id="addAlbumCart">
		insert into cart(cartNum, id, productnum, amount) values (cart_seq.nextval, #{id}, #{productNum}, #{amount})	
	</insert>
	<!-- 장바구니 아이템 삭제 -->
	<delete id="deleteCart">
		delete from cart where cartNum = #{cartNum}
	</delete>
	<!-- 수량 변경 -->
	<update id="modifyCount">
		update cart set amount = #{amount} where cartNum = #{cartNum}
	</update>
	<!-- 장바구니 리스트 -->
	<select id="getCartList" resultMap="cartList">
		<!-- select c.cartnum, c.isbn, c.productnum, b.title, b.price, b.pictureurl, a.title, a.price, a.pictureurl, c.amount
		from cart c left join book b on c.isbn = b.isbn left join album a on c.productnum = a.productnum
		where id = #{id} -->
		select c.cartnum, c.isbn, c.productnum, b.title, b.price, b.pictureurl, a.title, a.price, a.pictureurl, c.amount
		from cart c left outer join book b on c.isbn = b.isbn left outer join album a on c.productnum = a.productnum
		where id = #{id}
	</select>
	<!-- unread 수정 -->
	<resultMap type="com.book45.domain.CartDTO" id="cartList">
		<result property="cartNum" column="CARTNUM"/>
		<result property="isbn" column="ISBN"/>
		<result property="productNum" column="PRODUCTNUM"/>
		<result property="amount" column="AMOUNT"/>
		<result property="bookTitle" column="TITLE"/>
		<result property="bookPrice" column="PRICE"/>
		<result property="bookPictureUrl" column="PICTUREURL"/>
		<result property="albumTitle" column="TITLE"/>
		<result property="albumPrice" column="PRICE"/>
		<result property="albumPictureUrl" column="PICTUREURL"/>
	</resultMap>
	<!-- 장바구니 확인 -->
	<select id="checkCart" resultType="com.book45.domain.CartDTO">
		select * from cart where id = #{id} and (isbn = #{isbn} or productnum = #{productNum})
	</select>
</mapper>