<?xml version="1.0" encoding="UTF-8" ?>
<!DOCTYPE mapper
  PUBLIC "-//mybatis.org//DTD Mapper 3.0//EN"
  "https://mybatis.org/dtd/mybatis-3-mapper.dtd">
<mapper namespace="com.book45.mapper.NoticeMapper">

<sql id="Criteria">
	<trim prefix="(" suffix=") AND " prefixOverrides="OR">
		<foreach item="type" collection="typeArr">
			<trim prefix="OR">
				<choose>
					<when test="type == 'T'.toString()">
						title like '%' || #{keyword} || '%'
					</when>
					<when test="type == 'C'.toString()">
						content like '%' || #{keyword} || '%'
					</when>
					<when test="type == 'W'.toString()">
						id like '%' || #{keyword} || '%'
					</when>
				</choose>
			</trim>
		</foreach>
	</trim>	
</sql>

<select id="getList" resultType="com.book45.domain.NoticeVO">
	<![CDATA[
		select * from notice 
		where num > 0 order by num desc
		]]>

</select>

<select id="insert">
	insert into notice(num, title, content, id) values(notice_seq.nextval, #{title}, #{content}, #{id})
</select>

<insert id="insertSelectKey">

	<selectKey keyProperty="num" order="BEFORE" resultType="long">
		select notice_seq.nextval from dual
	</selectKey>
	
	insert into notice(num, title, content, id) values(#{num}, #{title}, #{content}, #{id})
	
</insert>

<select id="read" resultType="com.book45.domain.NoticeVO">
	select * from notice where num = #{num}
</select>

<delete id="delete">
	delete from notice where num = #{num}
</delete>

<update id="update">
	update notice set title = #{title}, content = #{content}, updatedate = sysdate where num = #{num}
</update>

<select id="getListWithPaging" resultType="com.book45.domain.NoticeVO">
	<![CDATA[
		select num, title, content, id, writedate, updatedate, readcount from 
		(select /*+ INDEX_DESC(notice pk_notice) */ rownum rn, num, title, content, id, writedate, updatedate, readcount 
		from notice where
	]]>
	
 <include refid="Criteria"></include>

	<![CDATA[
		rownum <= #{pageNum} * #{amount}) 
		where rn > (#{pageNum} - 1) * #{amount}
	]]>
</select>

<select id="getTotalCount" resultType="int">
	select count(*) from notice where 
<include refid="Criteria"></include>
	num > 0
</select>

<update id="updateReadCnt">
    update notice
    set readcount = readcount +1
    where num =
    #{num}
</update>


</mapper>