<?xml version="1.0" encoding="UTF-8" ?>
<!DOCTYPE mapper
  PUBLIC "-//mybatis.org//DTD Mapper 3.0//EN"
  "https://mybatis.org/dtd/mybatis-3-mapper.dtd">
<mapper namespace="com.book45.mapper.QnaMapper">
<sql id="Criteria">
	<trim prefix="(" suffix=") AND " prefixOverrides="OR">
		<foreach item="type" collection="typeArr">
			<trim prefix="OR">
				<choose>
					<when test="type == 'T'.toString()">
						title like '%' || #{keyword} || '%'
					</when>
					<when test="type == 'C'.toString()">
						content like '%' || #{keyword} || '%'
					</when>
					<when test="type == 'W'.toString()">
						id like '%' || #{keyword} || '%'
					</when>
				</choose>
			</trim>
		</foreach>
	</trim>	
</sql>

<select id="getList" resultType="com.book45.domain.QnaVO">
	select * from qna where num > 0 desc
</select>

<select id="insert">
	insert into qna(num ,title, content, id, secret) values(qna_seq.nextval, #{title}, #{content}, #{id}, #{secret})
</select>
	
<insert id="insertSelectKey">
	<selectKey keyProperty="num" order="BEFORE" resultType="int">
		select qna_seq.nextval from dual
	</selectKey>
	
	insert into qna(num, id, title, content, secret) values(qna_seq.nextval, #{id}, #{title}, #{content}, #{secret})
</insert>

<select id="read" resultType="com.book45.domain.QnaVO">
	select * from qna where num = #{num} 
</select>

<delete id="delete">
	delete from qna where num = #{num}
</delete>

<update id="update">
	update qna set title = #{title}, content = #{content}, updatedate = sysdate, secret= #{secret} where num = #{num}
</update>

<select id="getListWithPaging" resultType="com.book45.domain.QnaVO">
   <![CDATA[
      select num, id, title, content, writedate, updatedate, secret, replycnt, state from 
      (select /*+ INDEX_DESC(qna pk_qna) */ rownum rn, num, id, title, content, writedate, updatedate, secret, replycnt, state 
      from qna where
   ]]>
   
 <include refid="Criteria"></include>

   <![CDATA[
      rownum <= #{pageNum} * #{amount}) 
      where rn > (#{pageNum} - 1) * #{amount}
   ]]>
</select>

<select id="getTotalCount" resultType="int">
	select count(*) from qna where 
<include refid="Criteria"></include>
	num > 0
</select>


<update id="updateReplyCnt">
   update qna set replycnt = replycnt + #{amount} , state = '답변완료' where num = #{num}
</update>


<!-- 답변 달때 Qna title 추가!!! -->
<select id="getQnaTitle" resultType="com.book45.domain.QnaVO">
		select num, title from qna where num = #{num}
</select>



</mapper>