<?xml version="1.0" encoding="UTF-8"?>
<!DOCTYPE mapper
  PUBLIC "-//mybatis.org//DTD Mapper 3.0//EN"
  "https://mybatis.org/dtd/mybatis-3-mapper.dtd">
<mapper namespace="com.book45.mapper.QnaReplyMapper">

<!-- 답변 등록 -->
<insert id="enrollQnaReply"> 	
	insert into QNAREPLY(num, qnaNum, id, content) values(QNAREPLY_SEQ.nextval, #{qnaNum}, #{id}, #{content})
</insert>

<!--  답변 페이징(?) -->
<select id="getQnaReplyList" resultType="com.book45.domain.QnaReplyVO">
	<![CDATA[
		select * from(
					select rownum as rn, num, qnaNum, id, content, writeDate
					from QNAREPLY 
					where rownum <= #{pageNum} * #{amount} and qnaNum = #{qnaNum}
					order by writeDate desc
					)
		where rn > (#{pageNum} -1) * #{amount}
	]]>	
</select>

<!-- 댓글체크 부분 주석
<select id="checkQnaReply" resultType="integer">
	select NUM from QNAREPLY where id = #{id} and qnaNum = #{qnaNum}
</select>  
 -->
<select id="getQnaReplyTotal" resultType="int">
	select count(*) from QNAREPLY where qnaNum = #{qnaNum}	
</select>

<update id="updateQnaReply">
  	update QNAREPLY set content = #{content} where num = #{num}
</update>  	
  	
 <!-- 답변 수정 팝업창 -->
<select id="getUpdateQnaReply" resultType="com.book45.domain.QnaReplyVO">
	select * from QNAREPLY where num = #{num}		
</select> 	
	
<!--답변 삭제 -->
<delete id="deleteQnaReply">
  	DELETE FROM QNAREPLY WHERE NUM = #{num}
</delete>		

<!-- 구버전

<insert id="insert">
	insert into qnareply(num, qNum, content, memberid) values(QNAREPLY_SEQ.nextval, #{qNum}, #{content}, #{id})
</insert>

<select id="read" resultType="com.book45.domain.QnaReplyVO">
	select * from qnareply where num = #{num}
</select>

<delete id="delete">
	delete from qnareply where num = #{num}
</delete>

<update id="update">
	update qnareply set content = #{content}, updateDate = sysdate where num = #{num}
</update>

<select id="getListWithPaging" resultType="com.book45.domain.QnaReplyVO">
<![CDATA[
	select num, qNum, content, id, writeDate, updateDate 
	from 
	(
	 select /*+ index(qnareply ipk_qnareply) */
	 rownum rn, num, qNum, content, id, writeDate, updateDate
	 from qnareply
	 where qNum = #{qNum} and num >0 and rownum <= #{cri.pageNum} * #{cri.amount}
	) 
	where rn >(#{cri.pageNum}-1) *#{cri.amount}
	
	]]>
</select>

<select id="getCountByQnum" resultType="int">
	
	select count(num) from qnareply where qnum=#{qNum}

</select> -->
</mapper>